0,1,2,3,4
-461.51000229787456,-1.9412890593489625,-1.9506783254370816,-0.8694884895695836,2.0600465600185167
105.63179228569845,-96.0214123768404,0.7611430110982127,-1.6106558256126533,2.4172033161611015
124.63021584133753,-91.0600432474263,0.41060409735149506,-1.6110737109454547,2.4366568829655826
-476.705291668546,8.281820262157515,4.399194947668647,-0.8430696686993713,3.4353751710636207
-449.1901567704683,21.49442160584328,2.1453419688555755,1.0034059765602947,3.3540745502826876
-63.51998111854624,-14.209876384353244,5.747278607141112,3.745381252999458,3.48671998850463
-55.42244445836292,-12.159244333496106,2.0024937573464285,-1.3449570840509608,3.6673736032252098
65.48257955394581,23.186549960773675,0.1265428002175213,1.0447012278591004,3.8024794618686464
145.6367743195426,-7.699761747660829,-2.001979127119853,-1.5231886745580283,3.9407222567003704
144.10799900614427,-49.54325279896045,0.7591572971378895,-2.359659548959563,2.7139118486807607
144.10475481226547,-49.54224945501883,0.7035986443875117,-2.265114681441311,2.7373515068736225
155.6846648496122,-66.37183046462908,10.448858458009184,10.034765991005557,2.344637679109498
108.01873506918776,-61.3035078804417,-25.81992384876026,9.570060175588353,1.443594896300068
139.10327785130085,-9.561973721832365,-1.8589119336946567,-1.670369720755211,1.6830829587035403
153.23562656915624,-5.135355675785124,0.931011109220961,-1.026006774150396,1.599360454526943
168.74185806375374,0.16780073645122862,3.5843708412685658,2.6190362898833897,1.538644688638838
-473.01047975188266,10.109418246163285,3.9116360074991547,-2.0659261190542395,0.11506789921316596
100.28324916329439,-97.9038800065556,-5.936978846357761,-1.136658219842836,3.708898216551802
-484.28979808908844,4.046050163600254,1.2923129316369,-1.8019438949085682,0.746639352038228
-458.53605604970187,-1.267997579004895,-1.9058443719242035,-1.0248265976126731,0.7913166687519144
145.64248564243826,-7.710001173896529,-1.89319403991027,-1.7159437804425366,1.348757889047027
167.68984972003636,-63.48553105884868,1.6123876386249378,-0.3285512770295398,0.48609196117121556
-344.66554107040736,49.197039516028056,31.843968708066,35.657936111283135,0.5113097942378655
-10.381026230069324,1.8606453925172772,-1.92675557778594,-1.910240501158114,2.141011538900763
50.69542400509499,20.037042772548098,7.943232871141802,7.5738661687382915,1.8153905532605243
58.25714533976952,21.450916670148686,0.30708263958584325,1.016624019123988,2.1099683902354744
119.39170112521583,-14.556459932751796,2.770769712820055,1.7477002643961796,2.147692944354972
139.10266956422493,-9.56465287306496,-1.8906029241575766,-1.6573273638410342,2.3195315669507313
176.85431838295221,2.8318942177257664,0.25604817225189436,-2.251452499023692,0.9996166164562208
184.63476765606924,5.374216237377896,0.07517237668781718,-2.2491271701482702,1.039708213371254
137.4439585214568,-51.053658021739565,7.539903371242374,3.6169218182203124,0.8701611022216529
155.87299315525365,-47.93922967087955,-2.7449370271204288,0.02519934484764974,1.1501044249981724
148.85789136875678,-69.14105062032125,-2.590869462090666,-1.2078845944440886,1.118139701879846
161.25921495421005,-65.28998874727527,0.8321910644253165,-1.3401322289301518,1.1265849071981613
167.69031442020196,-63.48737858432588,1.6663087665919392,-0.3182662499919999,1.0856984476243987
173.86366081898927,-62.473084154191746,-1.4325382072669868,-1.6503509118633488,1.1966681849672174
105.63278829348133,-96.02222394568842,0.8594955460112601,-1.5809389718821762,1.1101320621714148
120.00632843638232,-92.42083235589428,1.0875001133709645,0.5212297629637277,2.4222074973200005
124.63063361960405,-91.06033679585948,0.4919688105182729,-1.5650605595139666,2.0831889347053263
-487.8498802087317,2.379136439414511,-1.0434993275093802,-3.2554043850587675,-1.0753634287269325
-187.42463547845546,-17.29305039246951,-11.190238727286157,0.21988297224157805,-0.8933266220284519
72.50664830388212,-27.446974333828457,-0.15224180256417696,0.32863790246445035,-0.6379657709900277
97.1483922932481,-20.079509522685306,7.7826618680526565,4.218765874459741,-0.7315323614279547
144.11024251464414,-49.55002969805205,0.682225161754701,-2.4751622916539375,-0.4140949627579493
179.66604568246441,-61.304451921619425,-1.840835675703829,-1.635986233420077,-0.31928503752670423
137.44333627797448,-51.04527501514783,7.523565133614639,3.626623875286654,0.9066266869972353
139.10045398071657,-9.557957413235082,-2.0180130180110467,-1.5973401497992938,1.1372946980682777
-112.01332040884739,-28.753020041203868,5.945622724747878,-0.5099265541526137,1.7675502373881962
-491.03153014979466,1.109966808471981,-1.5364228605718466,-2.556425816066586,-1.1026283540532713
-447.4843578289764,21.94173132204039,-1.730545281406421,-1.939845821142228,-1.1030128210961951
160.59060238556617,-2.729479742884621,0.7185437985859977,-1.205696030489996,-0.6031431152343902
79.86984914514824,-26.10624525978517,-1.7526215760759953,-1.887821988208266,-0.9075663626496029
104.50545527728707,-18.70098334802828,1.26103114960452,-0.23872017616962182,-0.9317072012678649
104.50545527728707,-18.70098334802828,1.26103114960452,-0.23872017616962182,-0.9317072012678649
112.12720127665386,-17.022824266774574,-1.158153978359934,-2.714169436180093,-0.8330921623397236
160.59298807562084,-2.7262806502615273,0.7719315015099397,-1.1583309778904152,-0.926484903158828
173.86490395788383,-62.474594817173084,-1.44772502734304,-1.6999104570311303,-0.6877881378383881
129.97855988596996,-89.09840325668797,3.0778485072814163,-1.0848869533366994,-0.7070476076958432
-523.8822012314713,-7.851724283749419,-4.700050737752576,-2.2870705160942535,-3.6583859043006957
-514.2944273328563,-5.507901285478892,-0.9743415519098022,-1.2752413112448835,-3.6548315997245124
-449.1847969619858,21.46939388404374,2.38955163386629,0.7176395999410659,-3.76172359117007
-449.1872517500701,21.46969974164559,2.270151960129226,0.7709085373165223,-3.707493097353966
-86.3853570286459,-20.335326139048636,2.569301908688928,-2.5714246576350277,-3.2583731512376275
79.87143769779448,-26.111130307509303,-1.7542939927814416,-1.9495313418444056,-3.1228133216739513
87.99889118138469,-23.924212912782632,-1.424683940555525,-2.888140639289432,-3.087121149526025
112.12919496332063,-17.026410856308946,-1.1411443045755334,-2.76266647695234,-3.05217700312732
119.39850590707238,-14.564333856570578,2.772559013748051,1.5652681125695764,-3.2154546784692055
119.39696814742399,-14.566572302432943,2.7639198083489447,1.5680001671518866,-3.2223195443850576
119.39656512974864,-14.565994791935102,2.771713472248308,1.5892372613904087,-3.2250872122504166
-476.69834724942956,8.26730054887326,4.711687635670856,-1.1415900569510526,-0.8659614754706464
-454.02737609614036,19.42600840159774,5.812122475718468,2.0525757669644378,-0.9742352284718017
137.441817806328,-51.05192473041844,7.3972285423828055,3.591322036551354,-0.3213546528600766
-476.7000023990601,8.265256104244228,4.7305695269127455,-1.0833466914496697,-0.25457349371826776
71.99974634929117,23.814024877491008,-2.8649833399504985,1.114297483512992,0.18711458580239793
168.74668799487813,0.16174558194667554,3.642500670560594,2.4555804824741543,0.2420773511667278
-531.5954871581037,-8.836660691764465,-1.4082861617547593,2.433717953036556,5.179439866751526
-514.3029999534571,-5.479682606336497,-0.9146806033598125,-0.966170072196654,5.200158324843452
-447.4814675029864,21.937658203089157,-1.8781411880320178,-2.037963920509654,-4.185573717880836
-18.34637352184052,0.4841744723346917,1.6109629248296642,3.023270556182929,-4.278257761600261
15.28919111172138,7.661759547689877,-1.1203707790625543,-1.946752813926679,-4.233067463845198
58.263676693812954,21.438717238318773,0.3989987540312967,0.7881570620652454,-4.257678340225276
79.87135616371393,-26.11206691204322,-1.8288787644783895,-1.9680579194962746,-4.0343009086949735
97.15281307553164,-20.08774567708112,7.802585629416072,4.085745954731493,-4.2206432160111635
104.5087269548776,-18.710409755076547,1.165849586868461,-0.4274844351974778,-4.057475215857208
112.1309235102367,-17.02667741769573,-1.143900324680203,-2.808037388133549,-3.9926195653933227
160.59434404644446,-2.738008622991611,0.7276589930714579,-1.3270638041890095,-4.0894691545127415
160.59500096288582,-2.732587311611095,0.7318181089189011,-1.2548574160635795,-4.071511076312593
160.5939108411992,-2.733144089376978,0.6804560732396538,-1.2423405134918752,-4.050611642047776
184.64004901498345,5.368047214237153,0.08746454184826291,-2.412285276676343,-4.012818451507357
-473.01023259632564,10.110993343839406,3.9406818856744934,-2.0476730533084577,1.0515049030945498
72.50359162999325,-27.44211281636819,-0.2494360637704034,0.41497289579733376,1.6225121306169896
-473.0124424686936,10.115493648674152,3.9534788533903793,-1.966409888326993,3.2571411337077336
-63.52089060874198,-14.209607528989176,5.732036895085997,3.7717290463694866,3.4930845358052967
58.256428809120166,21.455277239612357,0.36839688010357463,1.0096265914492406,3.664669774734744
87.99263920252167,-23.909263623306053,-1.3925759076030886,-2.7055605640746094,3.8563467055138894
150.14416849612246,-48.73919121146481,-3.089198400320882,-2.6823132635935565,-0.3652520610994303
-527.8528392431181,-8.433854820548953,-4.514722911617696,-1.8357717471940234,-2.0524685039583765
-543.4371750514213,-11.704068316496674,-17.27000188415512,5.314738238856641,-2.374254329377342
58.25884150306831,21.448991900943405,0.1395526364190971,0.9372197691337476,-1.589528744608212
58.26166181488202,21.445805909243454,0.38879525316444585,0.8451649824146799,-1.716628995352809
58.26166181488202,21.445805909243454,0.38879525316444585,0.8451649824146799,-1.716628995352809
71.99972069189812,23.815331118728885,-2.975239968666031,1.1312549765865185,-1.6438238517392465
97.15190842758852,-20.082531659968687,7.839313691955965,4.094297366703451,-2.6513590112830254
126.25344674296139,-12.630905208826746,0.6538910880234425,-1.4087840594079921,-2.479033631715981
-549.1987092658469,-8.94459226788966,-5.760450204299261,-0.48948838112282544,-2.981099498991327
-499.1181535306055,-1.9342727083030908,-3.1965198949707485,-2.676895271402593,-0.7500527191479449
-480.32048655514814,6.249720706434184,3.6759567381033804,-2.211344187760261,-0.8200060074776028
79.86846737072881,-26.100135093501233,-1.7588866146234636,-1.852817048614689,-0.25993500788830204
144.10985287847723,-49.54700482613118,0.6941258470300511,-2.4640234793868885,-0.09709653693577547
155.8769101568247,-47.936798280435376,-2.659699952389502,-0.11733959067485245,-0.13745568643946537
-499.1170335697044,-1.9385171091359688,-3.1520574717216903,-2.7194936495817785,-1.0972898705648415
-476.6964693362242,8.263075120518456,4.756565610187408,-1.1987436336280695,-2.156412446067777
150.14585206328957,-48.74008131567314,-2.9427836678716233,-2.715853199434825,-1.3812841148945685
167.69137447754508,-63.487908212648115,1.6095309595252019,-0.3980634083284684,-1.406753900232835
-487.8505710220048,2.379540267683911,-0.9356189786568478,-3.210262827408684,-2.073374925757059
-487.8505684037917,2.3814107576278083,-0.9578942721573895,-3.23323992045227,-1.7426300693737113
-473.01006638124306,10.103806368181251,3.8743584947253282,-2.113454281391583,-2.087801110267625
-473.0081769002375,10.104564868408344,3.904964586273252,-2.146716972514625,-2.0960028735710106
-466.6225509209241,12.822145583595445,1.4746322071654845,-2.5417965080440297,-2.0624834127700797
-86.3860214067114,-20.329178126889047,2.5464952913322776,-2.5622293924343325,-1.6560789640005362
65.48834456117925,23.175721997007336,0.17688491493886715,0.8480794081480667,-1.5969811426338039
65.4895102924072,23.176266549593777,0.3739966602752389,0.8537603033282508,-1.6894272639299528
132.9863435373037,-10.814652303289511,0.3496916343130465,-1.3326135634083087,-1.5101741882930302
115.14817484124694,-59.38804109257847,-7.588225625448871,-0.9440703903860737,-1.4282979544067773
137.4428842622874,-51.05084372098983,7.388650842804424,3.6352811448769202,-1.5692156963852426
129.98021498102003,-89.0952282002744,3.239009216172448,-1.0993674174287236,-1.4031122341177653
-447.4831507676162,21.940780800121992,-1.8042431665624008,-2.043075621681531,-1.6986866457814127
184.63443299287928,5.374114617746519,-0.021868215098237442,-2.3465859144805776,-1.1127665483735285
110.7040888897933,-94.41491720216173,0.37132557767789365,-3.3094104061367773,-0.939340120777886
129.9806577617229,-89.09725247795487,3.1008643476675957,-1.2090219053261606,-1.972483952740041
-469.4827566764456,-5.817699263112514,-18.797686183760455,5.948895309178738,-0.686264528109505
-491.032342788259,1.118658600731548,-1.536139178193352,-2.4931794144765433,-0.44811426812684374
-449.18823617171483,21.482805878667065,2.327435113292836,0.8078892837366709,-0.5499621943136441
129.7074570114562,-53.877492599043904,8.203318312723752,5.5583661574760725,-0.04742509269374651
-487.84925539103165,2.380747078432309,-1.0329499999402714,-3.2893861224216536,-1.7050287613873056
50.69581867324143,20.036444418606948,7.787137974775376,7.501779774463124,-1.5747371525425677
132.98527012617762,-10.811824544569166,0.1940632084485543,-1.3805644884854686,-0.7996106265119929
139.10258912398479,-9.560164404483032,-2.0118515113937576,-1.6789483805760952,-0.7580291777986998
-242.01567356814297,-19.591743100279523,-4.234859848904549,-1.3643016437066464,5.485828861734806
145.64781535917348,-7.712867863828443,-1.8890080658437256,-1.877798563671547,-3.3749960299607284
139.10682484561448,-9.565822569583574,-1.8696399261694694,-1.8083947472662132,-2.095927384176515
-35.98609580495349,-4.367880186515544,6.913373358026661,0.40914953765354056,-4.298589475985279
-18.35418359109474,0.5069124114619292,1.7825162514141368,3.389339780908763,3.5645187531148412
-258.23963405386695,-13.395559234091309,1.8846256806499753,-0.17373316826522256,-4.390263024878018
-35.98854875208576,-4.357294957795871,6.902929961987539,0.4897547036276677,-2.377850850652588
34.13708432904457,15.082216744483093,3.884435022411779,-1.5201497545196432,1.465784616192174
-466.6239368437584,12.828173572003232,1.4865906562385902,-2.4147456470569395,-0.16132558554140708
115.14681561238262,-59.38559733949682,-7.430728702067114,-0.821098781504098,2.910055423370064
97.15069896188504,-20.08768141252459,7.844686286450141,4.143503925362857,-3.3011078253318145
129.70593370112397,-53.872558024271044,8.352701814976285,5.680070578095297,3.6716705426070213
-122.54561462922851,-32.94807076829305,2.5430409757271377,-2.600522081412059,1.5070015841469626
-197.20431880299316,-6.968830643223871,0.47935322757774657,-1.212128609219917,5.457206101007099
-132.54582104401885,-36.490945870211355,0.2311099806326382,-2.1157183436944393,-1.653768927670928
137.4416684331644,-51.04982461053061,7.409078371927279,3.676779512196326,0.31104731458206203
176.85705446432678,2.8335896773324283,0.1945874491124897,-2.3799618261784303,-3.055322503611957
97.14783006237985,-20.080491550974443,7.7796224276873716,4.196677262121469,2.094028256481261
176.85662701632043,2.8306201667457263,0.19542244601440473,-2.3719197792531332,-2.4354535688185743
104.50736933728354,-18.707087596155677,1.2181303808254995,-0.33483226399089716,-3.1301093781699656
104.50704352278638,-18.70159793462861,1.258737845645669,-0.331397346133933,-2.5052690523297754
119.39170114356477,-14.556459830641593,2.770769778873685,1.7476995600692433,2.1476954623052933
-466.6233855533005,12.828166177374557,1.5427130077333544,-2.4318654603783187,1.7018577421432823
34.134960260436856,15.078456113786393,3.762691587944346,-1.4922254612369699,1.1946264820697685
-451.17246213736104,20.618547142525493,2.538658292317834,-1.3282173754636801,0.3849040889368709
126.24660539693173,-12.620661835180135,0.4976313983445948,-1.2132366354211754,3.9128759713977246
150.14012742200237,-48.73176516871321,-3.0771015613929222,-2.5227943846987273,3.737590893624912
-501.6239555177008,-2.8202875496325355,-3.9721351043674105,-1.8910511606821032,1.171098793423365
104.50337730947604,-18.697480808034058,1.169775569076549,-0.2502669583805357,1.6368090664184631
25.17685390240058,12.189701306766556,8.192943001792003,2.9931646018715767,1.346104019950122
-454.0301542470479,19.42795040449279,5.832037523812772,2.1504955271640185,0.9059138602076402
34.13334901005976,15.085760977711663,3.731586028726497,-1.4452750982673948,3.7476038751923983
153.23643142409185,-5.141023552174198,0.8208817096741967,-1.1001452141423087,0.3777942102755443
56.93069733956679,-31.365992966224866,-5.00247965597265,1.241969825839547,3.782249083291866
58.25862860779364,21.449400526845785,0.4146189435323038,0.9675293798177123,2.055250991688581
139.10411055112786,-9.569322780370108,-1.8838727653014047,-1.7557949800571748,-0.5308296270078303
72.50965850489445,-27.453236075741316,-0.2881352776178261,0.1425485700978797,-3.420091170146865
72.51048495528062,-27.450071973570964,-0.15767113310127456,0.19088630368047177,-3.4715749826915916
-503.08629306512455,-11.895651087676418,-6.531537852493273,-0.13796747172475676,1.0927266225918313
79.8693657676638,-26.101430927600042,-1.8321234091764893,-1.8978569689592746,-2.115880955309909
179.67044719510955,-61.307001514271874,-1.7342512226561269,-1.819642246440992,-1.9466574158543946
71.99484749337819,23.82537172689321,-2.9629816643102345,1.3001065882063116,3.724177898227776
132.9883716031685,-10.819384634084493,0.40525425284818084,-1.395441329887575,-3.752048591960884
100.2841272678263,-97.90284434885774,-5.879106391801514,-1.1852973663218194,3.999356245717932
-508.6583383964912,-4.113025893486897,-1.7206731546443308,-2.3679602075970507,-0.13330584066167983
134.56802817030348,-87.87512614209699,3.683107881807288,1.4145826195363824,2.3609060557069395
42.6319317904256,17.65873635755844,5.328915026527184,3.1594329416536624,3.564268722354763
145.6446753044902,-7.709596565094173,-1.9484718826207228,-1.8049600656575322,-2.083467868390237
-449.1914070542235,21.486064295486884,2.3909301032363715,0.933644576834169,3.2019389308066266
139.10709525247375,-9.56642038464336,-1.8905197345326314,-1.8231632047328432,-3.0318660961137978
-463.4609706994356,14.538291478608992,2.9265524628574155,-1.5080533540737235,0.7641332781869448
-460.1467953123893,16.019516223987786,1.3208188193583226,-3.2298424479197507,1.7974732611304542
-454.0287918321037,19.423990194548686,5.73480892122906,2.0358094321474383,0.9432745129317279
34.13965247413137,15.077109988824054,3.800388286207209,-1.6631949175039438,-2.2836641237557345
97.15433594340266,-20.088525378381608,7.963608083228195,4.050041555524629,-3.354268127287985
153.2366632519055,-5.137935780583176,0.8823100453393948,-1.092362566323871,-0.27272176391779634
97.15433595751733,-20.088525299835297,7.963608134038665,4.050041013734678,-3.3542661904031217
42.6377998995747,17.653073748107722,5.324038489795967,2.9917882854696245,-2.4215407885278983
-503.0862929965059,-11.895650705820515,-6.531537605476146,-0.1379701056574305,1.0927360388320881
160.59056266641517,-2.726784449719304,0.7200163122880809,-1.2106997869487017,-0.2813398586872804
145.64155338579235,-7.709465980212655,-1.985277988765489,-1.679992073235944,-1.4405626380217686
108.02628497169223,-61.32330508873412,-25.713154628414394,9.234694148743664,-2.7228082668191282
145.6473469019088,-7.710955436536787,-1.8807305167720045,-1.8833578153168062,-3.060180194328762
-469.8501184405691,11.309795540997202,2.0703649016551395,-1.5506464819658845,1.1092472270380274
-525.8650468244015,-8.091765069558031,-4.916065285074552,-2.0492647123567735,1.7780827114736883
110.70164900125542,-94.40735486226828,0.45412407486597317,-3.185274179313957,4.077604958037025
-451.17140499879565,20.629454091058243,2.3524843425097828,-1.3495587218988732,0.5115211955729766
160.59020551477772,-2.7223602201015478,0.6666641072812496,-1.1360825978078495,-0.24078684076346057
50.69940401017982,20.02722841523748,7.939438230205951,7.433526146865397,-3.5579866461850598
145.64229937860466,-7.705658334560201,-1.8680836035212138,-1.6918507241091874,2.609025828541526
119.39199975334759,-14.55391747320161,2.769855613672675,1.7360227759784195,1.5261382826381915
129.7070037889364,-53.8810888679504,8.373186303004488,5.666035651412621,2.694708145376911
124.63313582955993,-91.06058078318846,0.4708633264615685,-1.673364874001443,-0.42254927239470774
50.688491648321246,20.037364091949776,7.55267067238789,7.70789295868488,1.9929667670708255
137.4401005308631,-51.048117816307666,7.4206483419207245,3.7376190352684375,2.1972521236705926
-447.48623337229554,21.94140241350376,-1.704858496543963,-1.856947152620144,1.3999930947934534
-473.00834205333126,10.10652232031743,3.9268636397807484,-2.112308433572288,-1.155637353799987
-473.00834205333126,10.10652232031743,3.9268636397807484,-2.112308433572288,-1.155637353799987
132.98531920562914,-10.816564797996833,0.20682590107303156,-1.3620681668203076,-0.5039398952881697
155.87795066534966,-47.94450537925597,-2.756869070989694,-0.1686471736905233,-3.5747546113544466
153.23623916984593,-5.143768335481805,0.8360710028405975,-1.1833967530241694,-0.2708381183153188
-466.62336998467333,12.829286135772405,1.527542564455544,-2.461414977471385,1.0818296871450777
79.86284837086225,-26.092260186955887,-1.8816529348989093,-1.6630830530550966,3.9072458944184874
168.74397313747568,0.15948178170991056,3.503765906420199,2.481060090858847,-1.593068276161003
-447.48388101392095,21.93884503201251,-1.7222116338867863,-1.9482258187218235,-1.4292448305081518
-227.11550833073608,81.41962694713239,-3.9896376351832146,-0.8203796083679364,-3.502102047826865
179.66487564821057,-61.30372894576804,-1.7450494349104133,-1.5951873149458393,2.467838838032156
184.635312169568,5.376297847048475,0.0674257663610689,-2.270734789065699,-0.5242517346470361
134.56754398216515,-87.87316796119217,3.6676820925134734,1.4068378499049174,2.6875395423020247
-71.24402851364755,-16.416097894065288,4.129082102115177,1.510884619972515,3.582462401912661
184.63713113926542,5.381849760328871,0.12902665712458372,-2.3201123860793516,0.09533033158998983
-71.24515205223997,-16.417037505269754,4.060122621981435,1.5155227974010828,3.610649007413068
153.2376721150399,-5.139944149367601,0.927777769322546,-1.0952580978720903,-0.6129626688320915
184.63977986678879,5.37628185395482,0.11202971496199154,-2.4181351116768113,-3.0570671488754915
145.642598913273,-7.709200513744668,-1.9001119444195496,-1.7068805892446548,1.3552829385787266
115.14574698764147,-59.38064463745117,-7.4647141577949725,-0.7720136211306752,4.1995921737963435
126.24986497916655,-12.631854784189876,0.6017218761460867,-1.3978339842447625,-0.26153783290911115
58.256525956223186,21.456358372273684,0.39573269676641587,1.0284105590142332,3.655390832592559
126.25343960904013,-12.638905619472814,0.5348507759324121,-1.4558342108761906,-3.074374993231909
145.64775694688456,-7.720043035069016,-1.9052976798145522,-1.895574793979364,-4.018148305183626
126.25043029030007,-12.624614390879094,0.6803634255328177,-1.2942319644062934,1.616561824734056
-550.701394429704,-9.36363952319435,-5.4534863780276055,0.25832437364424266,2.01852297642702
-513.0838236001284,-1.6503032869722016,-0.7799396791318003,-3.125137576466628,0.4969687043565081
-470.91117545021234,-3.318754685372836,-5.908897697152568,-1.515838430222658,-1.155906233143118
43.37172207040555,3.864745988429421,4.526415064383045,1.0968282590711453,-2.575964412980233
161.82740987851287,35.84736542359577,1.2045526324924793,3.564287218668113,2.2242941588116185
161.83115012967664,35.834951441822994,1.2202864932123845,3.3336769345548447,-2.647229447233591
161.83259539854282,35.834736643265394,1.3102162263949282,3.299362565174576,-1.744151689963636
161.83104375173957,35.835373394224725,1.3006435430809802,3.339273268534363,0.1487986403560031
-47.059502880490754,-10.927603724104946,2.2566138980748462,-0.4850697970682134,-2.5655336699584677
125.197315378599,24.475034492302505,2.905063856289928,2.3446148974091727,3.6366851060349
125.20071155517996,24.461425926559883,2.7682145398678983,2.138822624946272,-1.6855557760672069
125.19698501634446,24.47068905120583,2.9103540275266795,2.333252751609379,3.3050991306454343
125.1959298615244,24.470987192660168,2.8467787453736406,2.3571716220341017,3.3350039208706246
125.19661270300969,24.468621472001615,2.8190300280735556,2.306642115641978,1.4525410410304573
16.97894576760632,-4.782785617757595,0.48341284388570216,-1.4954780094364892,2.1546715431622747
77.44153841279729,13.489962128704649,-1.8732830364834854,-2.7042943195548474,0.9560374463425827
138.35315178553412,-59.83608372901104,-4.171142609755307,-1.2363995715947098,-2.0182251508469093
33.789790680414285,0.40433459923588266,3.78001144410365,-0.34758291659973395,3.7257822447298103
33.79324776863018,0.39159608555240055,3.7533171083375976,-0.47990604562991024,-1.0161435085737374
152.81518803893061,33.20891581728283,1.239988048002587,3.119211889847705,-1.662094296490996
152.81287447744717,33.21132492988137,1.3651878349445212,3.2169795991765895,2.0584849258925892
-8.121032060735047,-11.504771996045069,6.078278687561436,2.556935541241671,-2.733880053980678
24.92976903870192,-2.9722593744511947,0.4066860650047204,-0.48282995396172623,-1.5372972637326292
24.93642826241205,-2.9774388180017226,0.600280628554529,-0.7118563232941213,-2.5799729082302667
85.2590715556056,15.113187328022827,-1.9151027394199929,-1.7459441703973084,0.9209837881616227
144.4657766124759,31.43347277690279,3.040055555887534,1.1647781471155696,-0.6822990625756127
0.811793980877269,-8.756929631516623,6.029456578213882,2.87460058882003,-0.8093252380275873
62.019226189238,10.2180924059163,10.058440057353835,9.07714237357839,1.2353346402778556
115.9929391197669,21.351561377489332,2.70666460154753,3.3454224414058658,-3.3801953350497875
115.99020674555015,21.358001224979482,2.6436073234080624,3.4084989140337143,-1.7617700471737683
115.98877157757101,21.361278130195437,2.555400571818666,3.48279432916366,-0.7656425175640296
115.99201602476603,21.356256120054226,2.577627117344292,3.428867315162371,-3.302777453390802
115.98417789809378,21.37314937988156,2.5689090797771854,3.679612433035345,3.6638463450619287
115.98970987395103,21.36287096914326,2.5776093341750794,3.4469905106737997,-2.345179975321037
-206.35507197071502,-47.533437408714406,-3.2355309257252003,1.8558560158723267,-0.19954189116659116
-205.17746963378937,-47.1768100129594,-4.435645395448859,0.9919728554195046,3.623689870761348
-207.99149097969183,-48.1410853959834,-5.87620673816447,-2.236114407252849,-0.041291576376870864
-210.42568523601142,-48.69179084321966,-4.662988636558367,-2.263631862711172,-0.7941945582232073
-210.4249012282395,-48.69264392523959,-4.668773417726868,-2.2940537976584494,-1.7372891928793504
-210.42568519062752,-48.69179059066306,-4.66298847318312,-2.263633604774242,-0.7941883303934167
-210.42568532373906,-48.69179133141518,-4.662988952365055,-2.2636284952782617,-0.7942065967075855
-207.33876182596583,-47.91280580107124,-4.60306108866439,-0.5982109721693973,-0.09706890419814407
-210.42746904476388,-48.68580080716416,-4.659047564209942,-2.165969190137183,1.4136226529365974
-206.31057655684322,-47.304022946553516,-4.811944071212778,-1.274318849398199,0.8094786644440379
-539.3938905801743,-7.662412501082604,-1.633674318527298,-3.115020135777648,-2.051541866344313
-542.5554556856032,-8.788019980246464,-1.1408751292998573,0.5814031746617871,-0.2719328366242717
-123.3264397654093,82.44416077763897,3.0450168199086676,0.47238719212436564,-2.5926421109652047
-95.47123159187436,90.91429568030692,0.24881407300038916,2.5193095035597537,2.5605439344592753
-73.04225326802691,6.587761186401982,1.1934164192863932,-0.5999849779125057,2.0631602006938827
-73.04098502906578,6.585357962837827,1.2639371019354257,-0.6631313428149141,2.0231270071747787
-73.04093377924215,6.585053053094958,1.2718340977345406,-0.6683882816052602,2.0183172005721435
-73.03960850990649,6.5844577422092545,1.1039279435590572,-0.7615713212759729,-2.308676924550012
-73.04183113563658,6.588442006365378,1.2530535346025573,-0.6019040182983062,3.9266846643102937
-82.22876657442242,4.144950886450031,-0.22259363605864735,-2.9236329429055345,-0.3919810313356873
-102.72950827106041,89.51166673194831,1.333838941907203,0.002296455807559994,2.444338019732786
-109.25352998610617,-2.430848523488791,1.9566487448321794,-1.3106327933599928,3.708874189011185
-102.72905298692217,89.50735246550994,1.1868403917337957,-0.04647612984823013,2.1861804854463376
-256.8052332575043,25.120014559680172,-0.3813906059214105,-2.258843662159663,0.9723955426535849
-256.80754689926636,25.128244515034268,-0.36967420019041697,-2.1721232078986645,3.5058903976750173
-161.3177691745966,67.07398874306557,1.8872622834897044,2.525416561876689,3.3502630073494792
-316.49944165891367,16.145075340302014,-33.19806725372723,14.524764316624886,0.8296669715471925
-248.93694515908408,27.57025031150296,0.26552533375617315,-1.3505780111972499,1.2147285148220206
-248.9378370787452,27.57215419732914,0.20651959879467086,-1.3039803114961614,1.2482454160588645
-313.714093806517,40.225148117218886,0.6701920248888342,-2.211081219836025,-1.3170557771633122
-313.714093806517,40.225148117218886,0.6701920248888342,-2.211081219836025,-1.3170557771633122
-442.01632839272963,-3.7258189271033775,-4.035184103991199,-1.4426004574617295,1.2688447388500546
158.8297221024235,-56.30672200633959,-2.4374001643633676,-1.9739966594004201,-3.231877127941173
158.82292321504804,-56.30053395429701,-2.395491849700761,-1.7174158481388702,2.4220298560775255
158.82932022462887,-56.30428915045424,-2.3112229867386134,-1.9160294328273437,-1.396949291100908
205.84831559005852,-42.69061584167907,1.4433317838886524,-0.19578817112809332,-2.341003069640938
205.8513471453275,-42.68820083164482,1.589483843139888,-0.21590377374507597,-2.3977934373487475
205.84734029252775,-42.683371607020774,1.6263169331561755,-0.05109296971399857,2.315475500142554
205.84882368527815,-42.68781273469278,1.6130946766240868,-0.10949598754611145,1.051988724902948
144.13546015642225,-93.25789188779409,-36.053657857271794,16.804533346197942,-2.7832528800495853
226.25676747597447,-36.672147996394635,0.7897440711248152,-1.028431841992095,1.7416921317720035
226.25850115638173,-36.67898653733981,0.6694710887981046,-1.1426554569540386,-0.4215761389506598
269.4475281990743,-25.03029970489726,-2.1046205824095807,-1.6479643785892435,-1.3572962152638457
185.7215536644162,-48.79029633793393,1.191246726768469,-1.1604058698791704,-0.15981401952020757
185.7226393450302,-48.793394447077844,1.197156561330985,-1.188677319048594,-0.4842480349636915
233.19493150092808,-34.30589566638826,0.005537745971068375,-2.2781699589132955,1.7933963010176548
233.19434763843583,-34.30682259145832,0.040089188955846566,-2.2174751186395127,0.5137518707629365
233.19265869860567,-34.308835164747876,0.016825172243315478,-2.1637468690497528,1.1459369694945547
233.19686428770808,-34.314650405586775,-0.045935002078238085,-2.4041033516607726,-3.2441439142363926
233.19246738004915,-34.30749900453941,-0.025344937225995068,-2.2436116163753965,1.797553893394685
275.04824729494896,-23.838073196393573,-2.9239587086618855,-1.670622697021777,-0.9988027672022737
165.6786071375791,-88.89093170678349,-2.8928142612378167,-1.1430254298484215,1.8782811360819363
198.72284398340787,-44.97890253663811,0.6859037860835713,-1.3382747463882367,-3.3006687016957743
198.7196732752792,-44.975553210906604,0.70814660703671,-1.2167971139559697,0.4718208046721486
198.71777692105456,-44.973251240571706,0.654340198902787,-1.1919847022056302,1.7600490393346941
198.71741519967827,-44.973877848617704,0.6269457817458886,-1.1965346883489048,1.7705647295285107
198.72032458685965,-44.97908435702994,0.7131169619607363,-1.235682810086658,-0.7993924383973452
198.7217522996574,-44.98008535193091,0.7058052562674391,-1.2857923240189564,-1.7407777577533299
245.76292765064693,-31.137198457642924,-0.8860257210999833,-0.4476274600549033,2.3554600748559267
245.7646878747379,-31.141548686260627,-1.0081966630437194,-0.5673269240264389,-0.4297094023202277
166.1990292765363,-53.85284802269039,1.6536778772802165,-0.3509960412891573,-3.2695455860717777
212.09661103080202,-41.28605542073276,-1.4220704562305428,-2.6451603132365236,-2.5691679466416284
212.09354133486715,-41.28527690046831,-1.6376133249858782,-2.5915799555000305,-0.5778632795083158
212.0941530108928,-41.281442024830405,-1.3930471582155377,-2.5764713371612302,2.4640880681865482
212.09677013882526,-41.284743345381024,-1.3223661859678657,-2.6344656734565888,1.1658427772041708
212.09366065208633,-41.27437617526933,-1.3419821742323421,-2.546428183600483,4.033587622376988
212.09865594025428,-41.28583705608998,-1.4050836615864455,-2.7438117991012945,-2.2587718133736443
212.0975970639838,-41.28281653000441,-1.4303017262663928,-2.720232846561302,-1.9250392962469531
218.88432007505162,-39.14965307079593,-1.168458290475158,-2.448167074660482,4.081492372563028
258.3938351966211,-27.670402173677495,-1.507703329461691,-1.5161289414257126,1.157782391997399
258.3878952905517,-27.658615552264987,-1.5888364623175448,-1.3385553403573027,4.054316090383596
258.38931540473186,-27.668250480815857,-1.657580433152873,-1.3821832622851602,1.2286619272495631
258.3955092552758,-27.677096889488325,-1.5662740490843134,-1.6075181864113972,-2.9250312483446423
258.397357850906,-27.671455761987936,-1.5282249594068986,-1.65438693135372,-3.2382691109199913
192.02733721113066,-47.084871724262335,1.1637023123511483,-0.07442087342342063,0.564250292368996
192.03116315267926,-47.084821683995834,1.2882921298255923,-0.14713952251975826,-1.3777913148353687
192.02835801115668,-47.085231074792226,1.2263824508257244,-0.09856222068626153,0.5345006904584935
192.0273372514115,-47.084871500103255,1.1637024573564503,-0.07442241960858098,0.5642558199404117
192.02891951916558,-47.084771583742736,1.305764045046999,-0.08964084379585557,-0.44647653677078747
192.02964779642434,-47.08259079323317,1.3812952919078612,-0.0779270070519118,2.359811826754573
192.02974210415005,-47.08292619245462,1.352336480811104,-0.08998195485963123,2.3731190484784506
192.02956267995057,-47.08337158522831,1.3276570294317764,-0.0960054824795975,2.3833349877637016
192.03155429841763,-47.08565610258241,1.404997330921958,-0.16000221661971636,-0.49235398702332933
192.03155417030052,-47.08565681554122,1.404996869719099,-0.15999729883402836,-0.492371567978239
239.8397874561041,-32.428249689018834,1.1001843260306146,0.1724750417185561,1.1335286380498015
239.8416315070524,-32.429428030064244,1.1824223459382068,0.11584173888691396,1.0932158404651116
239.84578065386347,-32.43026517912506,1.1533707965025286,-0.03661222829141764,-3.2965152938744753
239.84043048297633,-32.42421914389826,1.1392879754136942,0.1261048546213388,1.756307697768694
239.84174210959168,-32.430671097782124,1.1396210191004172,0.09677540021759512,-0.7792932560813179
171.35839568855044,-87.86796194963416,0.7328976536148986,3.9046924464447983,2.344831835011579
218.8890517308123,-39.16070019323971,-1.1650802315569138,-2.5699161005466777,-0.6762161723652165
218.88824592635376,-39.15300593280066,-1.0562795635250808,-2.518307214002185,1.8111076876801153
218.88746703616994,-39.15183665970938,-1.1012520356613038,-2.484809571773596,1.835482075222524
263.72315989024173,-26.313058465765785,0.9601073002613845,2.816259360496119,-0.22772205750266306
263.72423059671075,-26.31592123687259,0.9875057856688869,2.74476174964267,-0.24856656522095566
190.2873500450221,-51.5862712603764,0.05820945733847793,-0.5094538614391837,1.778659987223266
302.3292222471299,112.82972768362156,-7.142055822508965,-1.5699960050787283,-0.21177403946917206
302.327346526944,112.82939779083927,-7.116369674340945,-1.4870905475118263,2.2912076057632316
-22.910314970603395,27.283440816625514,-0.3368456049716855,-1.6554106155696005,-1.6401066430113485
131.2372657387043,69.85542055135535,-2.99080980368673,-1.5446149828280937,-0.27805326240910144
168.2761202269204,82.78941218290271,2.169951359516091,1.5028264301661096,0.15487077744421285
334.4913106115629,120.85978839792949,-8.111851455883098,-0.9453821686228068,1.6908499589676538
190.28678477549954,-51.58529663205612,0.010668807078687337,-0.48517808970601095,1.804129419559505
139.8881503782087,72.1496599684779,-2.8017349716834588,-1.413821691058665,3.765292676175152
186.04127280639148,88.23573946549855,-2.2446465690043595,-2.4113390977164,-3.193211161172796
-525.4346958684416,2.4976834589834436,3.941159116347478,-1.38474436577296,1.0672105470516673
-390.6863848707838,-42.24250696246363,-59.13898923008405,34.37492749349911,-1.6494548485702802
-89.37398286556913,6.735249503835634,4.76400650658411,0.5278252709913858,0.09132193117309662
108.43664079069242,64.72202369837693,-4.312308014452583,-1.715807896868263,3.7832323562725563
158.9929443684748,79.81359403496606,5.173462819352849,4.666539808974896,3.493127962323509
227.1835440504383,98.21946317340394,-5.890330287008041,-2.5771214416159935,4.784686074426329
295.98633142325355,111.4812909629488,-6.002505028633223,-1.4442297469626908,3.1513096890119083
76.64536345927763,57.5537062474672,-2.5597826689834022,-1.8247332611181761,-2.5896785679435324
196.73030660939014,-50.28212109952436,1.1425868059231021,2.283532620543369,-1.463799137171761
-525.4327106745361,2.497802014654704,3.968373997503619,-1.4263890248792563,0.1139233736912395
177.06178722886432,85.8206103835137,0.9545320963556634,0.0012317657983587083,1.125674496850289
177.0610028317467,85.8214612988639,0.9603154759365253,0.03166864581298512,2.068715703282445
-499.9358672770637,-11.951446644002178,-3.188602231479834,-0.7866886143487619,1.7771983548314072
183.54596743671027,-53.42496736791363,-0.58207646281042,-1.398284747293296,4.014233097515751
302.3372109589112,112.81782548393684,-6.982375680892304,-1.8381393078599189,-3.7740081858180776
-531.0149575650338,-0.31745426071936755,8.255372451471104,-0.23453955761230105,-3.1706818808499975
-512.2374054427579,-14.740134579250972,-4.650712286590192,-2.1213633601359803,1.204182886568649
-501.39821729193716,-12.197465004810663,-3.286263220498128,-1.633482911893914,-0.7270258620868644
196.73015387487533,-50.28460163233931,1.1505825027755208,2.2933592749308573,-0.8451888428773424
76.64274332641867,57.561909785714654,-2.457018757018986,-1.7227122123954217,0.8430285786278748
186.04311110068352,88.23607407956266,-2.1718275840878647,-2.4389696353069112,-4.168741086505426
-257.141611075771,-15.212742525501644,7.883401648474134,2.4339925612638638,4.001191042707424
-257.1416109871747,-15.212742032472503,7.883401967407636,2.433989160490029,4.001203200384717
176.70356576417998,-55.30893676129817,0.19566387082986125,-0.6533120506561829,-1.3920111335555339
177.0572169401006,85.83959467376579,0.9462335440626788,0.16483126404965986,5.585599250657133
108.43817605668733,64.72169747823457,-4.181840411802099,-1.7435112546353864,3.7213964686858834
169.5588061419145,-57.64111307155512,-4.92280824040337,-2.6079277284588755,-2.2943523089012094
149.0016695046761,75.74346043707878,-0.052785073300597674,-2.072395955506373,-3.2680474808468007
339.9021120192491,121.04259242860465,-12.630514048549408,-1.8253297318319284,1.6898294000373717
-503.4151371158531,-12.660991679080649,-3.7313747098865804,-1.9405368646425742,-0.7602798213068693
334.4978208203123,120.85138569551526,-7.9095811370240625,-1.1160257694950744,-0.9390252410081246
-98.75336616236001,3.231453804606266,3.9608678413304688,1.3283780354053647,-3.7417354024512637
-505.74591799663386,-13.175004756726453,-4.260113197901063,-1.747480792645426,0.45703067633033
-515.5323182168737,-15.523083405257507,-3.3887869489269633,-1.3447661509710969,1.730312329818478
-107.47331761995355,0.6149219775961239,2.817532624833177,-0.3443096395348775,3.866837216140791
186.036916844747,88.25066588279671,-2.156812324930584,-2.2156785747499796,2.468647418087272
194.63207329952525,90.7746142324109,-1.4834446369539336,-0.7850288141743818,0.24595752811849714
168.27443918834683,82.80086979298531,2.30668806138911,1.6373227509172992,3.585075286295597
36.97596684898576,47.37661472446508,-0.12465826366644706,-1.33995461762877,0.8042804234441903
-527.955866519952,1.4347639305236033,7.272720561471047,-1.3526794210948765,0.9942759537587449
131.2425571492514,69.8565581033535,-2.709745767076214,-1.565860453995647,-2.6034166950113296
76.64553938745757,57.55757564488945,-2.4686029854043596,-1.8035843520154913,-2.3075237450683934
100.9811762257741,63.394978610020566,-2.6251879494820685,-1.4722890250730032,4.341702977869822
158.99837056560182,79.80419563286509,5.237084960373608,4.509351657600305,-2.853532198223985
271.21474633138723,105.01619321572748,-9.1327097771117,-1.9491052888324205,3.76749292104169
190.29450797783443,-51.59333620069707,0.08389180692097398,-0.6845916015681226,-3.5926928824481745
186.0358451196771,88.2543475673991,-2.147882077302498,-2.1812601315725786,3.732602338896486
227.19114425324756,98.2011896422708,-5.895717852453103,-2.8410357286749957,-3.125079046579204
227.18453408294533,98.21785961929245,-5.894339664104095,-2.6250277552667214,3.8385727629342874
139.89632201706274,72.13908930501216,-2.685385568390899,-1.6555355596699286,-2.605105300283144
168.28044003974185,82.78725310982367,2.262813862662398,1.4370931370334645,-3.9809615689175786
76.64509545532144,57.55688199139784,-2.4842838714559434,-1.7600524435489149,-1.6717939821745995
328.08280892688924,119.15580386054489,-8.630211534671105,-1.1503937081022215,2.22132667075752
68.49200007132413,55.741131176879385,-0.7836251242157175,-0.5325990779444467,-3.9320260007159242
168.2722949577228,82.80178763896629,2.251509431244017,1.7022508334210187,3.609560708614584
194.63278787729564,90.77360323429833,-1.577664422465233,-0.8183447509856592,-2.5438793010414447
287.48650110859603,108.89368180540437,-7.981840651024243,-2.870862509199796,-3.412528427686854
-173.2578604175933,4.9875561796248125,-0.5638395874434963,-3.1263601722286793,-2.331574841750519
139.8906727466541,72.14909672309243,-2.6919856018131583,-1.4744560344514213,3.715081465871778
242.4757496606593,100.71927129403086,-6.014271098137556,1.4659826154349886,3.7637063478229074
186.0395271019288,88.24860571248348,-2.277354125848831,-2.309793250556055,-2.197133935219009
183.55255896657923,-53.44090462823657,-0.6162253905324349,-1.6516905560188135,-3.5622682996985073
334.4949465534298,120.85574315254908,-7.989934020971802,-1.0352953210570348,0.367067142406583
139.8900527197435,72.1475223694417,-2.67828782345714,-1.481980380288931,3.701569887579687
-513.5749802230115,6.2621603832227475,-1.2731602296845494,-3.1281605316599084,1.1751309800899818
-182.06150442875207,2.953750921959614,5.925539063721999,6.136723922042286,-4.505640923462353
334.49682250183787,120.85607431536476,-8.015619347573391,-1.1182095389506514,-2.135883184887498
-451.2313256726462,18.559376654208016,6.837388086215768,-0.8792605073848918,0.1961300198386553
131.23814763749374,69.86237605598107,-2.872597189851561,-1.447474689231612,1.579130196013983
-527.9557998784006,1.4297404057169611,7.200376171333957,-1.3811486950142253,-2.134901594060776
322.46683947519216,117.91161567728452,-6.800629418089358,1.6075835495455948,2.218294731768733
76.63959107098151,57.560734618373466,-2.560312766218189,-1.5823083910313755,2.1454793630457853
158.9931265837264,79.8103253849665,5.076844492884078,4.665557971679242,-0.5626375964605863
115.75163165317679,66.3098475381993,0.8205003333051479,5.979644964896643,-3.6691972084482734
202.53574512519458,92.37151385965191,-4.913930044633901,-1.5961512994303817,2.22195675435505
279.05629392188087,106.74994806612806,-8.823401304909112,-2.001711834886642,-0.2551039856525561
227.1877670789537,98.2061907007493,-5.931030961042765,-2.7806356143861564,-1.5266664475065213
27.826455119739876,45.086885190533955,5.968850025096572,3.7548888941434555,-1.8299500805938829
227.18863622435015,98.20550810141349,-5.952572403537005,-2.8127248054024108,-2.4612289892720005
100.98650991460067,63.37583151784562,-2.742094123236356,-1.7061094808860346,-3.521389670856065
186.0322349863917,88.25632128057724,-2.323769659425679,-2.077939677248459,3.8177048886443483
295.9833184244569,111.48425591346295,-6.127927565533156,-1.3282315146029333,2.2715341639817375
186.03741587576496,88.24831665250134,-2.350144599250399,-2.268852347253514,-2.1670911294303083
186.03223495034524,88.25632107998204,-2.3237697891878355,-2.0779382936002833,3.8176999421383915
302.33229997336093,112.82452731118109,-7.14130974224345,-1.6708225187367631,-3.3707095100438336
-542.3469470796466,-9.68098749826602,-12.017055185155101,3.0020976307229574,1.013634458213037
-542.3458536381808,-9.685062792050845,-11.994536302893849,2.959909845875906,0.6777023536589741
-543.3366655692919,-10.218094657581707,-8.459578548300229,0.012452794615960272,-3.6804204115810837
-519.9500131144952,-2.4809851178605413,0.5630874415878822,0.0393465966759976,1.023407196706403
-515.1816477304983,0.18054586354396918,3.002843065858187,-1.6474110986996422,-2.094115198373002
-512.4317136673412,1.8684300708202404,4.57083054954613,-1.307867467951283,1.0179622546612634
-531.1040013037311,-0.7491846744221196,6.825094478224699,2.097588684884407,0.2408203791203718
-531.1006912355346,-0.748171137570953,6.835718571534812,1.9828258678944692,-0.3849489765052425
-481.88182366540696,1.0623598561212937,1.3257404672976207,-2.5564587790547293,-1.4233070190731834
-316.4228185182525,42.72675405024546,-3.273469882260656,-2.267148833159119,2.5326419307061308
-299.466326446047,4.131676181613058,2.5878471575917104,0.2553621285991099,3.7200046055093026
-228.71643292835802,34.67925409087756,3.902173433176543,-0.27639289501752984,-1.3414873030982832
-192.51701289265196,46.42603669034333,7.964923266985679,5.269975319430266,-2.747004320272323
-155.01026472066627,2.417144047508076,4.189481595562185,-1.2277394925402945,-1.199948312280699
-124.18086636617875,13.14947522835845,6.495158059424966,2.672287877304946,-1.2897439154226245
-124.18694636600924,13.157175523019239,6.308255520425121,2.867551531900432,1.962511958000615
-115.72104404597087,13.963107327655392,-2.1387402817405956,-1.2926446507346938,2.0509446300968754
12.515453772454862,1.396070535937909,2.3549420384023136,-0.9498565487126669,5.607886303085547
12.52207886177905,1.374183395909446,2.3899792183786275,-1.1509474182959067,-1.0734740863735022
42.06472843055337,12.276330558339248,5.721851571943986,1.6621901798703078,-1.746269927797333
42.062755967747535,12.288391257701916,5.8441919888803255,1.8028630804276702,3.581027110379715
42.06930270279122,12.280410799318885,5.8314955420656105,1.5780851275374914,-2.4072971367278715
52.08395824857223,15.879038432180186,9.88417187412989,7.309501288562579,-2.899269214765617
62.4498086776764,19.810230290583185,7.589482919386839,4.541234917272504,0.056477685508245834
62.45188431597683,19.808260244525336,7.618199997347233,4.457967978034738,0.04032010632923644
62.44815947575273,19.812460965635466,7.454858447780552,4.607739099695507,-0.8181379780808706
62.45149649702364,19.806972299267038,7.460895028890988,4.423996305316258,-0.8238041436064867
62.45328226265394,19.809091247194168,7.644309022839977,4.437201258768518,-0.902737658571656
82.36544365557802,26.983278336020483,5.612371417387976,0.8520002924378005,-0.8163189796037544
92.78142966704797,31.12281601736494,3.964697053361533,-1.3560028553777386,-3.881210262312117
92.77869929801307,31.121657888841035,3.933749743937909,-1.3071462792977968,-3.876045621529088
103.11031854585087,35.403268975935745,5.397427019580547,1.0136975223425182,1.748194362122831
123.68033923348708,43.387838784622275,6.633220271745827,3.1097503510686906,1.7311843918155265
123.68510588758966,43.38622460917974,6.771673267631343,3.0372524972797947,-0.5346312006942888
133.92738064477703,47.14802847732806,5.021443482622502,1.0359485531489483,-1.7416955928898998
133.9246804758783,47.154227071095164,5.047248416464029,1.1468558176563093,1.4084821277692132
133.92381603782917,47.19144957702896,5.057393877695517,1.4935338185707039,3.1511752918599854
133.9177100008069,47.164183709205524,4.849331780843286,1.3709034407175267,3.8117429629007784
133.91897050084424,47.16044254086403,4.851879485197728,1.3321138985100305,2.5423720237657736
133.92125112722726,47.15318552274444,4.810263122317224,1.2304166871169286,-0.6469155077213369
144.0631391801121,3.005535106864711,8.343121362001526,6.705197911262061,-2.7699122725277503
144.06195327969795,3.0039878320259863,8.363839767882908,6.7542578334739005,-1.211828154649801
202.66848461744576,16.180984024145395,-1.241938181076165,0.6349018392354608,-4.114333022921739
211.38003128129503,18.292481366483983,-3.2815516663526125,-1.5354958758569381,-3.950642655222641
211.38330190454053,18.294642603262723,-3.156590761610687,-1.6752022441090375,-2.42577051956392
211.38503881953864,18.28801291840758,-3.1457108500183892,-1.7223564262348816,-4.021428371347186
211.37797299059878,18.30928863811237,-3.215723312745638,-1.3794498382448452,0.6239402042245406
211.37605953522825,18.301223101304473,-3.2686462422013705,-1.4622275806332325,1.728021901284393
105.92567264455363,-74.7479528551624,-9.905039398474273,-0.14812301210899648,3.8988616883816345
105.93026362266482,-74.76057790989245,-9.89267782875902,-0.30313759823667397,-0.8593101697529919
105.92761082482866,-74.75387748551816,-10.075083775238319,-0.18875048786733828,-2.328802550639524
105.92305477973298,-74.74965138852627,-10.04113471411138,-0.019664202087206206,2.382531253904638
72.02055199762731,22.68553862899212,3.0881253657638155,-0.4109472628554869,-3.5441935590018225
-453.5372103644339,-27.23368918357078,-8.881624495664425,-0.2760206885971712,0.4521007398213879
